{
    "lr": 0.09027770374438988,
    "c_in": 3703,
    "c_out": 6,
    "decay": 0.08620938824674064,
    "dataset": "Citeseer",
    "dp_rate": 0.03327116304616312,
    "dropout": 0.03327116304616312,
    "c_hidden": 16,
    "opt_name": "adam",
    "use_cache": true,
    "lap_method": "no_lpe",
    "layer_name": "GCN",
    "model_name": "GCN",
    "num_layers": 2,
    "weight_decay": 0.08620938824674064,
    "hidden_channels": 16
}

