{
    "lr": 0.0721561875782376,
    "c_in": 3703,
    "c_out": 6,
    "decay": 0.09804918144550458,
    "dataset": "Citeseer",
    "dp_rate": 0.29227704035030944,
    "dropout": 0.29227704035030944,
    "c_hidden": 16,
    "opt_name": "adam",
    "use_cache": true,
    "lap_method": "p_lpe",
    "layer_name": "GCN",
    "model_name": "GCN",
    "num_layers": 2,
    "weight_decay": 0.09804918144550458,
    "hidden_channels": 32
}

