{
    "lr": 0.08814369299702858,
    "c_in": 3703,
    "c_out": 6,
    "decay": 0.09301363760208949,
    "dataset": "Citeseer",
    "dp_rate": 0.09264941958218292,
    "dropout": 0.092649419582182929,
    "c_hidden": 16,
    "opt_name": "adam",
    "use_cache": true,
    "lap_method": "no_lpe",
    "layer_name": "GCN",
    "model_name": "GCN",
    "num_layers": 2,
    "weight_decay": 0.09301363760208949,
    "hidden_channels": 16
}

