{
    "lr": 0.09574838536870996,
    "c_in": 1439,
    "c_out": 7,
    "decay": 0.05554245816195241,
    "Dataset": "Cora",
    "dp_rate": 0.17475127654396427,
    "dropout": 0.17475127654396427,
    "c_hidden": 64,
    "opt_name": "adam",
    "use_cache": false,
    "lap_method": "lpe",
    "layer_name": "GCN",
    "model_name": "GCN",
    "num_layers": 2,
    "weight_decay": 0.05554245816195241,
    "hidden_channels": 64
}

