{
    "lr": 0.09892346016877948,
    "c_in": 1433,
    "c_out": 7,
    "decay": 0.04694967735335153,
    "Dataset": "Cora",
    "dp_rate": 0.3966523586662913,
    "dropout": 0.3966523586662913,
    "c_hidden": 32,
    "opt_name": "adam",
    "use_cache": true,
    "lap_method": "p_lpe",
    "layer_name": "GCN",
    "model_name": "GCN",
    "num_layers": 2,
    "weight_decay": 0.04694967735335153,
    "hidden_channels": 32
}

